-- ===== Overview =====
-- App name: Quantum Computing Simulation
-- Description: PostgreSQL DDL - tables and reset function

-- ===== Reset Function =====
CREATE OR REPLACE FUNCTION sp_load_qcdb()
RETURNS TABLE(code INTEGER, message VARCHAR) AS $$
BEGIN
    -- Drop tables if exist (order matters for foreign keys)
    DROP TABLE IF EXISTS "Shots" CASCADE;
    DROP TABLE IF EXISTS "Simulations" CASCADE;
    DROP TABLE IF EXISTS "Gates" CASCADE;
    DROP TABLE IF EXISTS "States" CASCADE;

    -- ===== Create Tables =====
    CREATE TABLE "States" (
        "stateID"     SERIAL PRIMARY KEY,
        "name"        VARCHAR(45) NOT NULL UNIQUE,
        "alphaReal"   NUMERIC(9,8) NOT NULL,
        "alphaImgn"   NUMERIC(9,8) NOT NULL,
        "betaReal"    NUMERIC(9,8) NOT NULL,
        "betaImgn"    NUMERIC(9,8) NOT NULL,
        "symbol"      VARCHAR(45) NOT NULL UNIQUE,
        "description" VARCHAR(100) NOT NULL
    );

    CREATE TABLE "Gates" (
        "gateID"      SERIAL PRIMARY KEY,
        "symbol"      VARCHAR(45) NOT NULL UNIQUE,
        "name"        VARCHAR(45) NOT NULL UNIQUE,
        "description" VARCHAR(100) NOT NULL
    );

    CREATE TABLE "Simulations" (
        "simID"   SERIAL PRIMARY KEY,
        "stateID" INTEGER NOT NULL REFERENCES "States"("stateID") ON DELETE CASCADE ON UPDATE CASCADE,
        "gateID"  INTEGER NOT NULL REFERENCES "Gates"("gateID") ON DELETE CASCADE ON UPDATE CASCADE
    );

    CREATE INDEX idx_sim_state ON "Simulations"("stateID");
    CREATE INDEX idx_sim_gate ON "Simulations"("gateID");

    CREATE TABLE "Shots" (
        "shotID"      SERIAL PRIMARY KEY,
        "simID"       INTEGER NOT NULL REFERENCES "Simulations"("simID") ON DELETE CASCADE ON UPDATE CASCADE,
        "alphaReal"   NUMERIC(9,8) NOT NULL,
        "alphaImgn"   NUMERIC(9,8) NOT NULL,
        "betaReal"    NUMERIC(9,8) NOT NULL,
        "betaImgn"    NUMERIC(9,8) NOT NULL,
        "outputState" SMALLINT NOT NULL
    );

    CREATE INDEX idx_shots_sim ON "Shots"("simID");

    -- ===== Sample Data =====
    -- States (IDs 1-6 are standard quantum states, protected from edit/delete)
    INSERT INTO "States" ("stateID", "name", "alphaReal", "alphaImgn", "betaReal", "betaImgn", "symbol", "description") VALUES
    (1, 'Zero state', 1.00000000, 0.00000000, 0.00000000, 0.00000000, '|0>', 'Qubit in ground state'),
    (2, 'One state', 0.00000000, 0.00000000, 1.00000000, 0.00000000, '|1>', 'Qubit in excited state'),
    (3, 'Plus state', 0.70710678, 0.00000000, 0.70710678, 0.00000000, '|+>', 'Equal superposition of |0> and |1>'),
    (4, 'Minus state', 0.70710678, 0.00000000, -0.70710678, 0.00000000, '|->', 'Equal superposition with phase flip'),
    (5, 'i state', 0.70710678, 0.00000000, 0.00000000, 0.70710678, '|i>', 'Superposition with +i phase'),
    (6, 'Minus-i state', 0.70710678, 0.00000000, 0.00000000, -0.70710678, '|-i>', 'Superposition with -i phase'),
    (7, 'Test State', 0.50000000, 0.50000000, 0.50000000, 0.50000000, '|$>', 'Custom test state for experimentation');

    -- Reset sequence to continue after manual IDs
    PERFORM setval('"States_stateID_seq"', 7);

    -- Gates
    INSERT INTO "Gates" ("gateID", "symbol", "name", "description") VALUES
    (1, '|X|', 'X Gate', 'Pauli-X: Bit flip operator. Rotates state 180 degrees around X-axis on Bloch sphere'),
    (2, '|Y|', 'Y Gate', 'Pauli-Y: Combined bit and phase flip. Rotates state 180 degrees around Y-axis'),
    (3, '|Z|', 'Z Gate', 'Pauli-Z: Phase flip operator. Adds pi phase to |1>, leaving |0> unchanged'),
    (4, '|H|', 'H Gate', 'Hadamard: Creates equal superposition. Maps |0> to |+> and |1> to |->'),
    (5, '|I|', 'I Gate', 'Identity: No operation. Useful as placeholder or in controlled gates');

    PERFORM setval('"Gates_gateID_seq"', 5);

    -- Simulations
    INSERT INTO "Simulations" ("simID", "stateID", "gateID") VALUES
    (1, 1, 4),  -- Zero state + H gate
    (2, 2, 5);  -- One state + I gate

    PERFORM setval('"Simulations_simID_seq"', 2);

    -- Shots for Simulation 1 (|0> + H gate) - 100 shots
    INSERT INTO "Shots" ("shotID", "alphaReal", "alphaImgn", "betaReal", "betaImgn", "outputState", "simID") VALUES
    (1000, 0.99999992, 0.00000002, -0.00000010, -0.00000000, 0, 1),
    (1001, -0.00000004, -0.00000001, 0.99999992, -0.00000008, 1, 1),
    (1002, -0.00000009, -0.00000001, 1.00000009, 0.00000004, 1, 1),
    (1003, -0.00000002, 0.00000005, 0.99999999, 0.00000008, 1, 1),
    (1004, 1.00000003, 0.00000009, -0.00000010, -0.00000008, 0, 1),
    (1005, 0.00000000, 0.00000007, 1.00000006, -0.00000003, 1, 1),
    (1006, 0.00000000, -0.00000009, 1.00000006, -0.00000000, 1, 1),
    (1007, 0.99999997, -0.00000006, -0.00000010, 0.00000002, 0, 1),
    (1008, 0.00000005, 0.00000003, 0.99999994, 0.00000003, 1, 1),
    (1009, 0.99999996, 0.00000003, 0.00000002, -0.00000007, 0, 1),
    (1010, 0.99999995, -0.00000009, -0.00000004, 0.00000002, 0, 1),
    (1011, 0.99999992, 0.00000010, 0.00000007, 0.00000002, 0, 1),
    (1012, 0.99999992, -0.00000006, 0.00000009, -0.00000005, 1, 1),
    (1013, 0.99999997, -0.00000006, -0.00000003, 0.00000008, 1, 1),
    (1014, 0.99999998, -0.00000009, 0.00000003, 0.00000008, 1, 1),
    (1015, 0.00000003, 0.00000007, 1.00000006, 0.00000003, 1, 1),
    (1016, 1.00000003, -0.00000006, -0.00000009, -0.00000008, 0, 1),
    (1017, 1.00000005, 0.00000009, -0.00000009, 0.00000010, 0, 1),
    (1018, 0.99999993, 0.00000001, 0.00000006, -0.00000005, 0, 1),
    (1019, -0.00000006, 0.00000008, 1.00000006, 0.00000007, 1, 1),
    (1020, 1.00000009, 0.00000002, -0.00000003, -0.00000005, 0, 1),
    (1021, 0.99999993, 0.00000004, -0.00000007, 0.00000001, 0, 1),
    (1022, -0.00000008, 0.00000004, 0.99999992, 0.00000000, 1, 1),
    (1023, 0.00000006, -0.00000008, 0.99999991, -0.00000002, 1, 1),
    (1024, 0.99999998, 0.00000004, -0.00000010, 0.00000010, 0, 1),
    (1025, -0.00000003, -0.00000001, 1.00000004, 0.00000005, 1, 1),
    (1026, 1.00000000, 0.00000007, -0.00000001, -0.00000006, 0, 1),
    (1027, 1.00000009, -0.00000002, 0.00000009, -0.00000007, 1, 1),
    (1028, 0.00000007, -0.00000002, 0.99999998, -0.00000006, 1, 1),
    (1029, 0.99999993, 0.00000001, -0.00000008, -0.00000004, 0, 1),
    (1030, 0.00000003, 0.00000009, 0.99999995, 0.00000004, 1, 1),
    (1031, 0.00000005, -0.00000007, 1.00000002, 0.00000002, 1, 1),
    (1032, 0.99999993, -0.00000001, -0.00000006, 0.00000001, 0, 1),
    (1033, 0.00000003, -0.00000007, 0.99999997, -0.00000001, 1, 1),
    (1034, -0.00000007, -0.00000007, 1.00000010, -0.00000010, 1, 1),
    (1035, 1.00000004, -0.00000006, 0.00000008, 0.00000006, 0, 1),
    (1036, 1.00000001, -0.00000006, 0.00000008, -0.00000006, 0, 1),
    (1037, 0.00000004, -0.00000010, 1.00000003, 0.00000010, 1, 1),
    (1038, -0.00000007, 0.00000002, 0.99999990, 0.00000000, 1, 1),
    (1039, 1.00000010, 0.00000003, 0.00000010, 0.00000010, 0, 1),
    (1040, 1.00000006, 0.00000007, 0.00000007, -0.00000007, 0, 1),
    (1041, 0.99999991, 0.00000007, -0.00000008, 0.00000003, 0, 1),
    (1042, 1.00000009, -0.00000004, -0.00000006, -0.00000004, 0, 1),
    (1043, 0.00000007, -0.00000007, 1.00000007, -0.00000009, 1, 1),
    (1044, 0.99999998, 0.00000010, -0.00000007, 0.00000009, 0, 1),
    (1045, -0.00000010, 0.00000010, 1.00000004, 0.00000002, 1, 1),
    (1046, 1.00000003, -0.00000008, -0.00000008, -0.00000000, 0, 1),
    (1047, 0.00000007, 0.00000001, 0.99999996, 0.00000010, 1, 1),
    (1048, 1.00000000, -0.00000006, 0.00000000, 0.00000008, 0, 1),
    (1049, 1.00000008, 0.00000008, 0.00000002, 0.00000005, 0, 1),
    (1050, 0.00000001, -0.00000001, 1.00000006, -0.00000007, 1, 1),
    (1051, 1.00000000, 0.00000006, 0.00000005, -0.00000008, 0, 1),
    (1052, 0.99999997, -0.00000006, 0.00000004, 0.00000005, 0, 1),
    (1053, 0.99999999, 0.00000003, 0.00000005, -0.00000009, 0, 1),
    (1054, 0.99999996, -0.00000010, 0.00000005, 0.00000004, 0, 1),
    (1055, 1.00000002, 0.00000005, 0.00000003, 0.00000007, 0, 1),
    (1056, 1.00000006, -0.00000004, -0.00000001, -0.00000006, 0, 1),
    (1057, 0.99999994, 0.00000005, -0.00000008, -0.00000002, 0, 1),
    (1058, 0.00000000, -0.00000004, 1.00000006, 0.00000008, 1, 1),
    (1059, 0.00000002, 0.00000002, 1.00000007, 0.00000007, 1, 1),
    (1060, 0.99999994, -0.00000002, -0.00000006, 0.00000006, 0, 1),
    (1061, 0.00000007, -0.00000003, 1.00000003, -0.00000002, 1, 1),
    (1062, 1.00000001, -0.00000009, -0.00000008, 0.00000000, 0, 1),
    (1063, -0.00000003, -0.00000004, 1.00000005, -0.00000000, 1, 1),
    (1064, 0.00000005, -0.00000006, 0.99999994, 0.00000005, 1, 1),
    (1065, 0.99999999, -0.00000002, -0.00000004, -0.00000006, 0, 1),
    (1066, 1.00000009, 0.00000007, 0.00000003, 0.00000000, 0, 1),
    (1067, 1.00000006, -0.00000008, 0.00000003, -0.00000007, 0, 1),
    (1068, -0.00000009, -0.00000001, 1.00000000, -0.00000009, 1, 1),
    (1069, 1.00000009, 0.00000004, 0.00000008, 0.00000010, 0, 1),
    (1070, -0.00000002, -0.00000003, 0.99999992, -0.00000001, 1, 1),
    (1071, 1.00000008, 0.00000000, 0.00000008, -0.00000004, 0, 1),
    (1072, 0.99999991, -0.00000006, -0.00000006, -0.00000006, 0, 1),
    (1073, 0.99999994, 0.00000010, -0.00000006, -0.00000000, 0, 1),
    (1074, 0.00000007, 0.00000007, 1.00000005, 0.00000002, 1, 1),
    (1075, 0.00000010, 0.00000005, 1.00000008, -0.00000007, 1, 1),
    (1076, -0.00000002, 0.00000001, 1.00000009, 0.00000008, 1, 1),
    (1077, 0.99999995, 0.00000001, 0.00000003, 0.00000006, 0, 1),
    (1078, 1.00000002, 0.00000003, -0.00000005, 0.00000000, 0, 1),
    (1079, 1.00000007, -0.00000001, -0.00000009, -0.00000003, 0, 1),
    (1080, 1.00000004, 0.00000008, 0.00000006, -0.00000002, 0, 1),
    (1081, -0.00000008, 0.00000003, 0.99999999, 0.00000002, 1, 1),
    (1082, 0.00000008, -0.00000008, 1.00000009, -0.00000004, 1, 1),
    (1083, -0.00000006, -0.00000001, 0.99999992, -0.00000008, 1, 1),
    (1084, 1.00000002, -0.00000003, -0.00000003, -0.00000002, 0, 1),
    (1085, 0.00000000, 0.00000006, 1.00000002, 0.00000009, 1, 1),
    (1086, -0.00000000, 0.00000009, 0.99999998, 0.00000001, 1, 1),
    (1087, 0.99999994, 0.00000000, 0.00000007, 0.00000009, 0, 1),
    (1088, -0.00000007, 0.00000010, 0.99999991, 0.00000006, 1, 1),
    (1089, 0.99999992, 0.00000001, -0.00000004, 0.00000008, 0, 1),
    (1090, 1.00000006, -0.00000008, -0.00000009, -0.00000001, 0, 1),
    (1091, -0.00000003, -0.00000000, 1.00000004, -0.00000003, 1, 1),
    (1092, 0.99999993, -0.00000000, 0.00000006, 0.00000001, 0, 1),
    (1093, 0.00000001, -0.00000010, 1.00000003, 0.00000006, 1, 1),
    (1094, 1.00000009, 0.00000004, -0.00000007, -0.00000004, 0, 1),
    (1095, 0.00000004, 0.00000005, 1.00000001, -0.00000000, 1, 1),
    (1096, 0.00000007, 0.00000001, 0.99999996, -0.00000002, 1, 1),
    (1097, 0.00000005, 0.00000003, 1.00000001, -0.00000004, 1, 1),
    (1098, 0.00000003, 0.00000006, 0.99999999, -0.00000003, 1, 1),
    (1099, 0.99999995, -0.00000002, 0.00000006, -0.00000001, 0, 1);

    -- Shots for Simulation 2 (|1> + I gate) - 100 shots
    INSERT INTO "Shots" ("shotID", "alphaReal", "alphaImgn", "betaReal", "betaImgn", "outputState", "simID") VALUES
    (2000, -0.00000003, -0.00000005, 1.00000004, 0.00000007, 1, 2),
    (2001, 0.00000009, -0.00000007, 0.99999994, -0.00000008, 1, 2),
    (2002, -0.00000004, -0.00000001, 1.00000006, 0.00000010, 1, 2),
    (2003, 0.00000003, 0.00000005, 0.99999995, -0.00000004, 1, 2),
    (2004, 0.00000005, -0.00000003, 0.99999992, -0.00000005, 1, 2),
    (2005, 0.00000001, 0.00000002, 0.99999999, 0.00000006, 1, 2),
    (2006, -0.00000007, -0.00000002, 1.00000002, 0.00000005, 1, 2),
    (2007, -0.00000006, 0.00000002, 1.00000003, 0.00000003, 1, 2),
    (2008, 0.00000002, 0.00000010, 1.00000003, -0.00000007, 1, 2),
    (2009, 0.00000009, -0.00000009, 1.00000003, 0.00000003, 1, 2),
    (2010, 0.00000001, -0.00000002, 1.00000006, 0.00000006, 1, 2),
    (2011, 0.00000001, 0.00000007, 0.99999994, -0.00000008, 1, 2),
    (2012, 0.00000002, 0.00000005, 1.00000002, -0.00000008, 1, 2),
    (2013, 0.00000009, -0.00000006, 0.99999994, 0.00000001, 1, 2),
    (2014, -0.00000002, 0.00000007, 1.00000009, -0.00000006, 1, 2),
    (2015, -0.00000003, 0.00000004, 0.99999993, 0.00000004, 1, 2),
    (2016, 0.00000004, 0.00000009, 1.00000001, -0.00000002, 1, 2),
    (2017, -0.00000007, 0.00000005, 0.99999996, 0.00000004, 1, 2),
    (2018, 0.00000004, -0.00000006, 0.99999995, 0.00000008, 1, 2),
    (2019, 0.00000003, 0.00000003, 1.00000000, -0.00000001, 1, 2),
    (2020, -0.00000002, -0.00000007, 1.00000010, 0.00000000, 1, 2),
    (2021, -0.00000002, 0.00000003, 0.99999993, -0.00000004, 1, 2),
    (2022, 0.00000009, 0.00000007, 0.99999992, -0.00000004, 1, 2),
    (2023, 0.00000001, 0.00000002, 1.00000000, 0.00000009, 1, 2),
    (2024, 0.00000008, 0.00000001, 1.00000000, -0.00000003, 1, 2),
    (2025, -0.00000010, 0.00000007, 0.99999990, 0.00000003, 1, 2),
    (2026, 0.00000004, -0.00000007, 0.99999999, -0.00000009, 1, 2),
    (2027, -0.00000008, -0.00000008, 1.00000004, -0.00000006, 1, 2),
    (2028, 0.00000007, -0.00000006, 0.99999991, -0.00000002, 1, 2),
    (2029, 0.00000005, -0.00000005, 0.99999990, 0.00000005, 1, 2),
    (2030, -0.00000010, -0.00000005, 0.99999994, 0.00000002, 1, 2),
    (2031, 0.00000010, 0.00000009, 0.99999997, -0.00000007, 1, 2),
    (2032, -0.00000006, -0.00000003, 1.00000009, -0.00000005, 1, 2),
    (2033, -0.00000008, 0.00000008, 0.99999995, 0.00000004, 1, 2),
    (2034, 0.00000007, 0.00000009, 0.99999999, -0.00000009, 1, 2),
    (2035, 0.00000004, -0.00000002, 1.00000008, -0.00000001, 1, 2),
    (2036, 0.00000007, 0.00000004, 0.99999994, -0.00000006, 1, 2),
    (2037, -0.00000009, -0.00000005, 0.99999990, -0.00000004, 1, 2),
    (2038, -0.00000007, 0.00000001, 1.00000006, -0.00000005, 1, 2),
    (2039, -0.00000003, 0.00000001, 0.99999994, -0.00000009, 1, 2),
    (2040, -0.00000002, 0.00000005, 0.99999996, 0.00000005, 1, 2),
    (2041, 0.00000003, 0.00000008, 0.99999994, 0.00000006, 1, 2),
    (2042, -0.00000006, -0.00000002, 1.00000009, -0.00000007, 1, 2),
    (2043, 0.00000008, -0.00000006, 0.99999992, -0.00000008, 1, 2),
    (2044, 0.00000009, 0.00000007, 0.99999996, -0.00000009, 1, 2),
    (2045, 0.00000005, -0.00000002, 0.99999996, -0.00000004, 1, 2),
    (2046, -0.00000007, -0.00000006, 0.99999992, -0.00000006, 1, 2),
    (2047, 0.00000009, 0.00000008, 0.99999995, 0.00000009, 1, 2),
    (2048, -0.00000008, 0.00000001, 1.00000005, -0.00000006, 1, 2),
    (2049, 0.00000008, 0.00000005, 1.00000000, 0.00000010, 1, 2),
    (2050, 0.00000005, 0.00000006, 0.99999995, 0.00000002, 1, 2),
    (2051, -0.00000003, -0.00000003, 0.99999998, -0.00000001, 1, 2),
    (2052, 0.00000006, -0.00000006, 1.00000005, -0.00000003, 1, 2),
    (2053, 0.00000007, 0.00000006, 1.00000000, 0.00000004, 1, 2),
    (2054, 0.00000002, -0.00000005, 0.99999999, -0.00000010, 1, 2),
    (2055, 0.00000000, -0.00000006, 0.99999999, -0.00000007, 1, 2),
    (2056, 0.00000007, 0.00000003, 1.00000007, -0.00000005, 1, 2),
    (2057, -0.00000007, 0.00000003, 1.00000005, 0.00000009, 1, 2),
    (2058, 0.00000008, 0.00000008, 0.99999997, -0.00000009, 1, 2),
    (2059, -0.00000005, 0.00000009, 0.99999995, -0.00000005, 1, 2),
    (2060, 0.00000001, -0.00000002, 0.99999999, -0.00000010, 1, 2),
    (2061, -0.00000008, -0.00000006, 1.00000009, 0.00000005, 1, 2),
    (2062, -0.00000007, 0.00000003, 0.99999990, -0.00000005, 1, 2),
    (2063, -0.00000009, 0.00000003, 0.99999990, -0.00000004, 1, 2),
    (2064, 0.00000005, -0.00000005, 0.99999997, -0.00000007, 1, 2),
    (2065, -0.00000001, 0.00000000, 0.99999999, -0.00000004, 1, 2),
    (2066, 0.00000006, 0.00000003, 1.00000006, -0.00000005, 1, 2),
    (2067, -0.00000010, -0.00000002, 0.99999991, 0.00000008, 1, 2),
    (2068, -0.00000006, 0.00000004, 0.99999994, -0.00000006, 1, 2),
    (2069, 0.00000001, -0.00000001, 0.99999998, 0.00000004, 1, 2),
    (2070, -0.00000005, -0.00000007, 0.99999994, -0.00000002, 1, 2),
    (2071, -0.00000010, 0.00000002, 0.99999990, 0.00000008, 1, 2),
    (2072, 0.00000009, -0.00000004, 1.00000004, 0.00000008, 1, 2),
    (2073, 0.00000009, 0.00000010, 0.99999993, -0.00000001, 1, 2),
    (2074, 0.00000004, -0.00000003, 1.00000008, 0.00000009, 1, 2),
    (2075, 0.00000008, 0.00000005, 1.00000007, 0.00000004, 1, 2),
    (2076, 0.00000008, -0.00000003, 0.99999993, -0.00000006, 1, 2),
    (2077, -0.00000006, -0.00000009, 1.00000006, -0.00000009, 1, 2),
    (2078, -0.00000004, 0.00000002, 0.99999991, -0.00000007, 1, 2),
    (2079, -0.00000010, 0.00000002, 0.99999993, -0.00000009, 1, 2),
    (2080, -0.00000001, -0.00000000, 1.00000007, 0.00000007, 1, 2),
    (2081, 0.00000002, 0.00000005, 0.99999995, -0.00000003, 1, 2),
    (2082, 0.00000005, 0.00000007, 0.99999991, 0.00000005, 1, 2),
    (2083, 0.00000005, 0.00000005, 0.99999998, 0.00000008, 1, 2),
    (2084, -0.00000010, 0.00000005, 0.99999999, 0.00000000, 1, 2),
    (2085, 0.00000001, 0.00000003, 0.99999993, -0.00000007, 1, 2),
    (2086, -0.00000001, 0.00000005, 1.00000005, -0.00000001, 1, 2),
    (2087, -0.00000009, 0.00000000, 1.00000007, 0.00000010, 1, 2),
    (2088, 0.00000001, -0.00000008, 1.00000000, 0.00000010, 1, 2),
    (2089, 0.00000006, 0.00000001, 0.99999993, -0.00000003, 1, 2),
    (2090, 0.00000006, 0.00000006, 1.00000003, 0.00000003, 1, 2),
    (2091, 0.00000002, -0.00000002, 0.99999990, 0.00000001, 1, 2),
    (2092, -0.00000003, 0.00000007, 1.00000001, -0.00000002, 1, 2),
    (2093, 0.00000007, 0.00000008, 1.00000001, -0.00000008, 1, 2),
    (2094, -0.00000006, -0.00000006, 1.00000009, 0.00000002, 1, 2),
    (2095, -0.00000007, -0.00000008, 1.00000004, 0.00000004, 1, 2),
    (2096, -0.00000005, 0.00000000, 1.00000005, -0.00000003, 1, 2),
    (2097, -0.00000007, 0.00000004, 0.99999994, 0.00000005, 1, 2),
    (2098, 0.00000002, 0.00000009, 0.99999995, 0.00000009, 1, 2),
    (2099, 0.00000007, -0.00000001, 0.99999995, 0.00000004, 1, 2);

    -- Reset shot sequence
    PERFORM setval('"Shots_shotID_seq"', 2099);

    RETURN QUERY SELECT 200, 'Reset successfully'::VARCHAR;
END;
$$ LANGUAGE plpgsql;
